{"cameraMode":{"drawMode":0,"name":"Shaded","section":"Shading Mode"},"sceneLighting":true,"audioPlay":false,"sceneViewState":{"m_AlwaysRefresh":false,"showFog":true,"showSkybox":true,"showFlares":true,"showImageEffects":true,"showParticleSystems":true,"showVisualEffectGraphs":true,"m_FxEnabled":true},"in2DMode":false,"pivot":{"x":-14.631017684936524,"y":-2.838589668273926,"z":-13.526225090026856},"rotation":{"x":-0.036907922476530078,"y":0.8715835213661194,"z":-0.48446130752563479,"w":-0.06658729165792465},"size":10.951494216918946,"orthographic":false}