{"cameraMode":{"drawMode":0,"name":"Shaded","section":"Shading Mode"},"sceneLighting":true,"audioPlay":false,"sceneViewState":{"m_AlwaysRefresh":false,"showFog":true,"showSkybox":true,"showFlares":true,"showImageEffects":true,"showParticleSystems":true,"showVisualEffectGraphs":true,"m_FxEnabled":true},"in2DMode":false,"pivot":{"x":-14.843976974487305,"y":-0.03084850311279297,"z":-22.629497528076173},"rotation":{"x":-0.03543756157159805,"y":-0.9593113660812378,"z":0.24271200597286225,"w":-0.13997231423854829},"size":8.24912166595459,"orthographic":false}